Assembly ‚Äã	Total_kmers	Total_opposite_kmers	Switch_error	N50
flye rfHap ONT maternal‚Äã	18535864‚Äã	2247‚Äã	0.0121224%‚Äã	70461081‚Äã
flye rfHap ONT paternal‚Äã	29496573‚Äã	2516‚Äã	0.0085298%‚Äã	59639074‚Äã
HiFiasm ONT rfhap maternal	18935648	2330	0.0123048%	96765978
HiFiasm ONT rfhap paternal	32854191	2781	0.00846467%	97311913
verkko ONT maternal‚Äã	18950260‚Äã	6723‚Äã	0.0354771%‚Äã	98813334‚Äã
verkko ONT paternal‚Äã	32898799‚Äã	7515‚Äã	0.0228428%‚Äã	101695939‚Äã
Hifiasm ONT NA12878 maternal	19004027	5209	0.0273942%	59702994
Hifiasm ONT NA12878 paternal	32929786	5423	0.0164684%	59009382
HiFiasm PB rfHap maternal‚Äã	18814302‚Äã	677‚Äã	0.00359833%‚Äã	12122059‚Äã
HiFiasm PB rfHap paternal‚Äã	30027929‚Äã	1046‚Äã	0.00348342%‚Äã	17040369‚Äã
HiFiasm PB HG002 maternal‚Äã	18984959‚Äã	9215‚Äã	0.0485384%‚Äã	67627280‚Äã
HiFiasm PB HG002 paternal‚Äã	32914953‚Äã	10176‚Äã	0.030916%‚Äã	62324461‚Äã
